run_id,mae,mape,rmse,bias,number_train_rows,number_test_rows
20260407_201303,6835.328155557521,1.0111232007811994,13299.912061229283,-88.38060983070348,923,248
