run_id,mae,mape,rmse,bias,number_train_rows,number_test_rows
20260408_004413,6106.504076787721,0.928200182455929,12181.32528216221,-206.74290108003908,923,248
