run_id,mae,mape,rmse,bias,number_train_rows,number_test_rows
4.3.26_20260407_225549,6586.470615081325,0.8917089024372373,12526.295012088558,-1465.063618673075,761,290
