feature,importance,run_id
make,708.4572820168191,20260407_212920
model,536.6884925454316,20260407_212920
state,127.80196286851405,20260407_212920
city,124.48958670705652,20260407_212920
color,118.97945294441931,20260407_212920
fuel,43.83619451480857,20260407_212920
cylinders,30.055582597592668,20260407_212920
transmission,16.205180562223177,20260407_212920
mileage,4.345279771272302,20260407_212920
year,0.0,20260407_212920
