feature,importance,run_id
year,1292.354873824018,4.3.26_20260408_005528
make,685.3697748930767,4.3.26_20260408_005528
mileage,619.520336006139,4.3.26_20260408_005528
model,572.206650527211,4.3.26_20260408_005528
cylinders,370.88247296592766,4.3.26_20260408_005528
color,360.0436867786231,4.3.26_20260408_005528
fuel,53.181745271001894,4.3.26_20260408_005528
city,0.0,4.3.26_20260408_005528
state,0.0,4.3.26_20260408_005528
transmission,-34.74159422674659,4.3.26_20260408_005528
