feature,importance,run_id
year,1380.2922771403207,20260408_004413
make,784.939892008853,20260408_004413
mileage,585.4234425419785,20260408_004413
model,574.05996203416,20260408_004413
cylinders,330.5326703491791,20260408_004413
color,201.14339943351618,20260408_004413
city,152.75893238303266,20260408_004413
state,114.1280376661423,20260408_004413
fuel,99.41320686703585,20260408_004413
transmission,-21.022020471568187,20260408_004413
