feature,importance,run_id
make,672.567794128938,4.3.26_20260407_225549
model,577.9244432378475,4.3.26_20260407_225549
color,181.87784558148894,4.3.26_20260407_225549
fuel,46.892455307148246,4.3.26_20260407_225549
cylinders,17.245697615417612,4.3.26_20260407_225549
transmission,3.616214696655667,4.3.26_20260407_225549
year,0.0,4.3.26_20260407_225549
city,0.0,4.3.26_20260407_225549
state,0.0,4.3.26_20260407_225549
mileage,-8.953900288721009,4.3.26_20260407_225549
