feature,importance,run_id
make,731.9116698183095,20260407_212920
model,553.1173292278374,20260407_212920
state,128.19595264457064,20260407_212920
city,126.36805717686532,20260407_212920
color,124.57308877153665,20260407_212920
fuel,45.468439044046285,20260407_212920
cylinders,30.95961778117574,20260407_212920
transmission,27.567185260444695,20260407_212920
mileage,3.6637663023532694,20260407_212920
year,0.0,20260407_212920
