feature,importance,run_id
make,826.1883022360184,20260407_201303
mileage,802.5732377390203,20260407_201303
model,749.2749148984619,20260407_201303
cylinders,450.9349025222889,20260407_201303
color,259.6953968564139,20260407_201303
city,208.66123708521266,20260407_201303
state,120.26286240297486,20260407_201303
fuel,63.37614035161032,20260407_201303
transmission,-45.87699999926893,20260407_201303
